/*
 Navicat Premium Data Transfer

 Source Server         : local
 Source Server Type    : MySQL
 Source Server Version : 50622
 Source Host           : localhost:3306
 Source Schema         : hmdp2

 Target Server Type    : MySQL
 Target Server Version : 50622
 File Encoding         : 65001

 Date: 02/03/2022 23:12:54
*/

SET NAMES utf8mb4;
SET FOREIGN_KEY_CHECKS = 0;

-- ----------------------------
-- Table structure for tb_blog
-- ----------------------------
DROP TABLE IF EXISTS `tb_blog`;
CREATE TABLE `tb_blog`  (
  `id` bigint(20) UNSIGNED NOT NULL AUTO_INCREMENT COMMENT 'дё»й”®',
  `shop_id` bigint(20) NOT NULL COMMENT 'е•ҶжҲ·id',
  `user_id` bigint(20) UNSIGNED NOT NULL COMMENT 'з”ЁжҲ·id',
  `title` varchar(255) CHARACTER SET utf8mb4 COLLATE utf8mb4_unicode_ci NOT NULL COMMENT 'ж Үйўҳ',
  `images` varchar(2048) CHARACTER SET utf8mb4 COLLATE utf8mb4_general_ci NOT NULL COMMENT 'жҺўеә—зҡ„з…§зүҮпјҢжңҖеӨҡ9еј пјҢеӨҡеј д»Ҙ\",\"йҡ”ејҖ',
  `content` varchar(2048) CHARACTER SET utf8mb4 COLLATE utf8mb4_unicode_ci NOT NULL COMMENT 'жҺўеә—зҡ„ж–Үеӯ—жҸҸиҝ°',
  `liked` int(8) UNSIGNED NULL DEFAULT 0 COMMENT 'зӮ№иөһж•°йҮҸ',
  `comments` int(8) UNSIGNED NULL DEFAULT NULL COMMENT 'иҜ„и®әж•°йҮҸ',
  `create_time` timestamp NOT NULL DEFAULT CURRENT_TIMESTAMP COMMENT 'еҲӣе»әж—¶й—ҙ',
  `update_time` timestamp NOT NULL DEFAULT CURRENT_TIMESTAMP ON UPDATE CURRENT_TIMESTAMP COMMENT 'жӣҙж–°ж—¶й—ҙ',
  PRIMARY KEY (`id`) USING BTREE
) ENGINE = InnoDB AUTO_INCREMENT = 8 CHARACTER SET = utf8mb4 COLLATE = utf8mb4_general_ci ROW_FORMAT = Compact;

-- ----------------------------
-- Records of tb_blog
-- ----------------------------
INSERT INTO `tb_blog` VALUES (4, 4, 2, 'ж— е°ҪжөӘжј«зҡ„еӨңжҷҡдёЁеңЁдёҮиҠұдёӣдёӯж‘ҮжҷғзқҖзәўй…’жқҜрҹҚ·е“ҒжҲҳж–§зүӣжҺ’рҹҘ©', '/imgs/blogs/7/14/4771fefb-1a87-4252-816c-9f7ec41ffa4a.jpg,/imgs/blogs/4/10/2f07e3c9-ddce-482d-9ea7-c21450f8d7cd.jpg,/imgs/blogs/2/6/b0756279-65da-4f2d-b62a-33f74b06454a.jpg,/imgs/blogs/10/7/7e97f47d-eb49-4dc9-a583-95faa7aed287.jpg,/imgs/blogs/1/2/4a7b496b-2a08-4af7-aa95-df2c3bd0ef97.jpg,/imgs/blogs/14/3/52b290eb-8b5d-403b-8373-ba0bb856d18e.jpg', 'з”ҹжҙ»е°ұжҳҜдёҖеҚҠзғҹзҒ«В·дёҖеҚҠиҜ—ж„Ҹ\nжүӢжү§зғҹзҒ«и°Ӣз”ҹжҙ»В·еҝғжҖҖиҜ—ж„Ҹд»Ҙи°ӢзҲұВ·\nеҪ“з„¶ з”·жңӢеҸӢз»ҷдёҚдәҶзҡ„жөӘжј«иҰҒеӯҰдјҡиҮӘе·ұз»ҷрҹҚ’\nж— жі•йҮҚжқҘзҡ„дёҖз”ҹВ·е°ҪйҮҸеҝ«д№җ.\n\nрҹҸ°гҖҢе°Ҹзӯ‘йҮҢВ·зҘһз§ҳжөӘжј«иҠұеӣӯйӨҗеҺ…гҖҚрҹҸ°\n\nрҹ’ҜиҝҷжҳҜдёҖе®¶жңҖжңҖжңҖзҫҺиҠұеӣӯзҡ„иҘҝйӨҗеҺ…В·еҲ°еӨ„йғҪжҳҜиҠұйӨҗжЎҢдёҠжҳҜиҠұеүҚеҸ°жҳҜиҠұ  зҫҺеҘҪж— еӨ„дёҚеңЁ\nе“ҒдёҖеҸЈи‘Ўиҗ„й…’пјҢз»ҙдәҡзәўй…’й©¬з‘ҹе…°В·еҫ®йҶәдёҠеӨҙе·ҘдҪңзҡ„з–Іжғ«ж¶ҲеӨұж— йҷ…В·з”ҹеҰӮжӯӨеӨҡеЁҮрҹҚғ\n\nрҹ“Қең°еқҖ:е»¶е®үи·Ҝ200еҸ·(е®¶д№җзҰҸйқў)\n\nрҹҡҢдәӨйҖҡ:ең°й“Ғв‘ еҸ·зәҝе®ҡе®үи·ҜBеҸЈеҮәеҸіиҪ¬иҝҮдёӢйҖҡйҒ“еҸіиҪ¬е°ұеҲ°е•ҰпҪһ\n\n--------------рҹҘЈиҸңе“ҒиҜҰжғ…рҹҘЈ---------------\n\nгҖҢжҲҳж–§зүӣжҺ’гҖҚ\nи¶…еӨ§дёҖеқ—жҲҳж–§зүӣжҺ’з»ҸиҝҮзҒ«з„°зҡ„зӮҷзғӨеҸ‘еҮәйҳөйҳөйҰҷпјҢеӨ–з„ҰйҮҢе«©и®©дәәеһӮж¶Һж¬Іж»ҙпјҢеҲҮејҖзүӣжҺ’зҡ„йӮЈдёҖеҲ»пјҢзүӣжҺ’зҡ„жұҒж°ҙйЎәеҠҝжөҒдәҶеҮәжқҘпјҢеҲҶзҶҹзҡ„зүӣжҺ’иӮүиҙЁиҪҜпјҢз®Җзӣҙз»Ҷе«©еҲ°зҠҜи§„пјҢдёҖеҲ»йғҪзӯүдёҚдәҶиҰҒж”ҫе…ҘеҳҙйҮҢе’ҖеҡјпҪһ\n\nгҖҢеҘ¶жІ№еҹ№ж №ж„ҸйқўгҖҚ\nеӨӘеӨӘеӨӘеҘҪеҗғдәҶрҹ’Ҝ\nжҲ‘зңҹзҡ„ж— жі•еҪўе®№е®ғзҡ„зҫҺеҰҷпјҢж„Ҹйқўж··еҗҲеҘ¶жІ№йҰҷиҸҮзҡ„йҰҷе‘ізңҹзҡ„еӨӘеӨӘеӨӘйҰҷдәҶпјҢжҲ‘зңҹзҡ„иҲ”зӣҳдәҶпјҢдёҖдёҒзӮ№зҫҺе‘ійғҪдёҚжғіжөӘиҙ№вҖјпёҸ\n\nгҖҢйҰҷиҸңжұҒзғӨйІҲйұјгҖҚ\nиҝҷдёӘй…ұжҳҜиҫЈзҡ„ зңҹзҡ„з»қеҘҪеҗғвҖјпёҸ\nйІҲйұјжң¬иә«е°ұеҫҲе«©жІЎд»Җд№ҲеҲәпјҢзғӨиҝҮд№ӢеҗҺеӨ–зҡ®й…Ҙй…Ҙзҡ„пјҢйұјиӮүиҳёдёҠй…ұж–ҷж №жң¬еҒңдёҚдёӢжқҘе•Ҡе•Ҡе•Ҡе•Ҡ\nиғҪеҗғиҫЈжӨ’зҡ„е°ҸдјҷдјҙдёҖе®ҡиҰҒе°қе°қ\n\n йқһеёёеҸҜ еҘҪеҗғеӯҗрҹҚҪ\n\n--------------рҹҚғдёӘдәәж„ҹеҸ—рҹҚғ---------------\n\nгҖҗрҹ‘©рҹҸ»вҖҚрҹҚіжңҚеҠЎгҖ‘\nе°Ҹе§җе§җзү№еҲ«иҖҗеҝғзҡ„з»ҷжҲ‘д»¬д»Ӣз»ҚеҪ©зҘЁ жҺЁиҚҗзү№иүІиҸңе“ҒпјҢжӢҚз…§йңҖиҰҒеё®еҝҷд№ҹжҳҜе°Ҫеҝғе°ҪеҠӣй…ҚеҗҲпјҢеӨӘзҲұд»–д»¬дәҶ\n\nгҖҗрҹҚғзҺҜеўғгҖ‘\nжҜ”иҫғжңүж ји°ғзҡ„иҘҝйӨҗеҺ… ж•ҙдёӘйӨҗеҺ…зҡ„еёғеұҖеҸҜз§°еҫ—дёҠзҡ„дёҮиҠұдёӣз”ҹ жңүз§ҚеңЁдәәй—ҙд»ҷеўғзҡ„ж„ҹи§үрҹҢё\nйӣҶзҫҺйЈҹзҫҺй…’дёҺйІңиҠұдёәдёҖдҪ“зҡ„йЈҺж јеә—й“ә д»Өдәәеҗ‘еҫҖ\nзғҹзҒ«зҡҶжҳҜз”ҹжҙ» дәәй—ҙзҡҶжҳҜжөӘжј«', 13, 104, '2021-12-28 19:50:01', '2022-01-06 20:30:03');
INSERT INTO `tb_blog` VALUES (5, 1, 2, 'дәәеқҮ30рҹ’°жқӯе·һиҝҷе®¶жёҜејҸиҢ¶йӨҗеҺ…жҲ‘з–ҜзӢӮжү“callвҖјпёҸ', '/imgs/blogs/4/7/863cc302-d150-420d-a596-b16e9232a1a6.jpg,/imgs/blogs/11/12/8b37d208-9414-4e78-b065-9199647bb3e3.jpg,/imgs/blogs/4/1/fa74a6d6-3026-4cb7-b0b6-35abb1e52d11.jpg,/imgs/blogs/9/12/ac2ce2fb-0605-4f14-82cc-c962b8c86688.jpg,/imgs/blogs/4/0/26a7cd7e-6320-432c-a0b4-1b7418f45ec7.jpg,/imgs/blogs/15/9/cea51d9b-ac15-49f6-b9f1-9cf81e9b9c85.jpg', 'еҸҲеҗғеҲ°дёҖе®¶еҘҪеҗғзҡ„иҢ¶йӨҗеҺ…рҹҚҙзҺҜеўғжҳҜжҖҖж—§tvbжёҜйЈҺрҹ“әиҫ№еҗғиҫ№жӢҚз…§зүҮрҹ“·еҮ еҚҒз§ҚиҸңе“ҒеқҮд»·йғҪеңЁ20+рҹ’°еҸҜд»ҘжҳҜеҫҲе№ід»·дәҶпјҒ\nВ·\nеә—еҗҚпјҡд№қи®°еҶ°еҺ…(иҝңжҙӢеә—)\nең°еқҖпјҡжқӯе·һеёӮдёҪж°ҙи·ҜиҝңжҙӢд№җе ӨжёҜиҙҹдёҖжҘјпјҲжәңеҶ°еңәж—Ғиҫ№пјү\nВ·\nвң”пёҸй»Ҝз„¶й”ҖйӯӮйҘӯпјҲ38рҹ’°пјү\nиҝҷзў—йҘӯжҲ‘еҗ№зҲҶпјҒзұійҘӯдёҠзӣ–ж»ЎдәҶз”ңз”ңзҡ„еҸүзғ§ иҝҳжңүдёӨйў—жәҸеҝғиӣӢрҹҚіжҜҸдёҖзІ’зұійҘӯйғҪиЈ№зқҖжө“йғҒзҡ„й…ұжұҒ е…үзӣҳдәҶ\nВ·\nвң”пёҸй“ңй”Јж№ҫжјҸеҘ¶еҚҺпјҲ28рҹ’°пјү\nй»„жІ№еҗҗеҸёзғӨзҡ„и„Ҷи„Ҷзҡ„ дёҠйқўжҙ’ж»ЎдәҶеҸҜеҸҜзІүрҹҚ«дёҖеҲҖеҲҮејҖ еҘ¶зӣ–жөҒеҝғеғҸзҖ‘еёғдёҖж ·жөҒеҮәжқҘ  ж»Ўи¶і\nВ·\nвң”пёҸзҘһд»ҷдёҖеҸЈиҘҝеӨҡеЈ«еЈ«пјҲ16рҹ’°пјү\nз®Җз®ҖеҚ•еҚ•еҚҙи¶…зә§еҘҪеҗғпјҒиҘҝеӨҡеЈ«зғӨзҡ„еҫҲи„Ҷ й»„жІ№е‘іжө“йғҒ йқўеҢ…дҪ“и¶…зә§жҹ”иҪҜ дёҠйқўж·ӢдәҶзӮјд№і\nВ·\nвң”пёҸжҖҖж—§дә”жҹізӮёиӣӢйҘӯпјҲ28рҹ’°пјү\nеӣӣдёӘйёЎиӣӢзӮёжҲҗи“¬жқҫзҡ„зӮёиӣӢпјҒд№ҹеӨӘеҘҪеҗғдәҶеҗ§пјҒиҝҳжңүеӨ§еқ—йёЎжҺ’ дёҠж·ӢдәҶй…ёз”ңзҡ„й…ұжұҒ еӨӘеҗҲжҲ‘иғғеҸЈдәҶпјҒпјҒ\nВ·\nвң”пёҸзғ§е‘іеҸҢжӢјдҫӢзүҢпјҲ66рҹ’°пјү\nйҖүдәҶзғ§й№…вһ•еҸүзғ§ д»–е®¶зғ§и…Ҡе“ҒиҙЁзңҹзҡ„жғҠиүіеҲ°жҲ‘пјҒжҚ®иҜҙжҳҜжҜҸж—Ҙе№ҝе·һеҸ‘иҙ§ еҲ°еә—зҺ°зғ§зҺ°еҚ–зҡ„й»‘жЈ•й№… жҜҸеҸЈйғҪжҳҜжӯЈе®—зҡ„е‘ійҒ“пјҒиӮүиҙЁеҫҲе«© зҡ®и¶…зә§и¶…зә§й…Ҙи„ҶпјҒдёҖеҸЈзҲҶжІ№пјҒеҸүзғ§иӮүд№ҹдёҖзӮ№йғҪдёҚжҹҙ з”ңз”ңзҡ„еҫҲе…Ҙе‘і жҗӯй…Қжў…еӯҗй…ұеҫҲи§Ји…» пјҒ\nВ·\nвң”пёҸзәўзғ§и„Ҷзҡ®д№ійёҪпјҲ18.8рҹ’°пјү\nд№ійёҪеҫҲеӨ§еҸӘ иҝҷдёӘд»·ж јд№ҹеӨӘеҲ’з®—дәҶеҗ§пјҢ иӮүиҙЁеҫҲжңүеҡјеҠІ и„Ҷзҡ®еҫҲй…Ҙ и¶Ҡеҗғи¶ҠйҰҷпҪһ\nВ·\nвң”пёҸеӨ§ж»Ўи¶іе°ҸеҗғжӢјзӣҳпјҲ25рҹ’°пјү\nзҝ…е°–вһ•е’–е–ұйұјиӣӢвһ•иқҙиқ¶иҷҫвһ•зӣҗй…ҘйёЎ\nzuiе–ңж¬ўйҮҢйқўзҡ„е’–е–ұйұјпјҒе’–е–ұй…ұйҰҷз”ңжө“йғҒпјҒйұјиӣӢеҫҲqеј№пҪһ\nВ·\nвң”пёҸжёҜејҸзҶҠд»”дёқиўңеҘ¶иҢ¶пјҲ19рҹ’°пјү\nе°ҸзҶҠрҹҗ»йҖ еһӢзҡ„еҘ¶иҢ¶еҶ°д№ҹеӨӘеҸҜзҲұдәҶпјҒйўңеҖјжӢ…еҪ“ еҫҲең°йҒ“зҡ„дёқиўңеҘ¶иҢ¶ иҢ¶е‘ізү№еҲ«жө“йғҒпҪһ\nВ·', 2, 0, '2021-12-28 20:57:49', '2022-01-06 20:30:22');
INSERT INTO `tb_blog` VALUES (6, 10, 1, 'жқӯе·һе‘Ёжң«еҘҪеҺ»еӨ„пҪңрҹ’°50е°ұеҸҜд»ҘйӘ‘й©¬е•ҰрҹҗҺ', '/imgs/blogs/blog1.jpg', 'жқӯе·һе‘Ёжң«еҘҪеҺ»еӨ„пҪңрҹ’°50е°ұеҸҜд»ҘйӘ‘й©¬е•ҰрҹҗҺ', 11, 0, '2022-01-11 16:05:47', '2022-01-11 16:05:47');
INSERT INTO `tb_blog` VALUES (7, 10, 1, 'жқӯе·һе‘Ёжң«еҘҪеҺ»еӨ„пҪңрҹ’°50е°ұеҸҜд»ҘйӘ‘й©¬е•ҰрҹҗҺ', '/imgs/blogs/blog1.jpg', 'жқӯе·һе‘Ёжң«еҘҪеҺ»еӨ„пҪңрҹ’°50е°ұеҸҜд»ҘйӘ‘й©¬е•ҰрҹҗҺ', 11, 0, '2022-01-11 16:05:47', '2022-01-11 16:05:47');

-- ----------------------------
-- Table structure for tb_blog_comments
-- ----------------------------
DROP TABLE IF EXISTS `tb_blog_comments`;
CREATE TABLE `tb_blog_comments`  (
  `id` bigint(20) UNSIGNED NOT NULL AUTO_INCREMENT COMMENT 'дё»й”®',
  `user_id` bigint(20) UNSIGNED NOT NULL COMMENT 'з”ЁжҲ·id',
  `blog_id` bigint(20) UNSIGNED NOT NULL COMMENT 'жҺўеә—id',
  `parent_id` bigint(20) UNSIGNED NOT NULL COMMENT 'е…іиҒ”зҡ„1зә§иҜ„и®әidпјҢеҰӮжһңжҳҜдёҖзә§иҜ„и®әпјҢеҲҷеҖјдёә0',
  `answer_id` bigint(20) UNSIGNED NOT NULL COMMENT 'еӣһеӨҚзҡ„иҜ„и®әid',
  `content` varchar(255) CHARACTER SET utf8mb4 COLLATE utf8mb4_general_ci NOT NULL COMMENT 'еӣһеӨҚзҡ„еҶ…е®№',
  `liked` int(8) UNSIGNED NULL DEFAULT NULL COMMENT 'зӮ№иөһж•°',
  `status` tinyint(1) UNSIGNED NULL DEFAULT NULL COMMENT 'зҠ¶жҖҒпјҢ0пјҡжӯЈеёёпјҢ1пјҡиў«дёҫжҠҘпјҢ2пјҡзҰҒжӯўжҹҘзңӢ',
  `create_time` timestamp NOT NULL DEFAULT CURRENT_TIMESTAMP COMMENT 'еҲӣе»әж—¶й—ҙ',
  `update_time` timestamp NOT NULL DEFAULT CURRENT_TIMESTAMP ON UPDATE CURRENT_TIMESTAMP COMMENT 'жӣҙж–°ж—¶й—ҙ',
  PRIMARY KEY (`id`) USING BTREE
) ENGINE = InnoDB AUTO_INCREMENT = 1 CHARACTER SET = utf8mb4 COLLATE = utf8mb4_general_ci ROW_FORMAT = Compact;

-- ----------------------------
-- Records of tb_blog_comments
-- ----------------------------

-- ----------------------------
-- Table structure for tb_follow
-- ----------------------------
DROP TABLE IF EXISTS `tb_follow`;
CREATE TABLE `tb_follow`  (
  `id` bigint(20) NOT NULL AUTO_INCREMENT COMMENT 'дё»й”®',
  `user_id` bigint(20) UNSIGNED NOT NULL COMMENT 'з”ЁжҲ·id',
  `follow_user_id` bigint(20) UNSIGNED NOT NULL COMMENT 'е…іиҒ”зҡ„з”ЁжҲ·id',
  `create_time` timestamp NOT NULL DEFAULT CURRENT_TIMESTAMP COMMENT 'еҲӣе»әж—¶й—ҙ',
  PRIMARY KEY (`id`) USING BTREE
) ENGINE = InnoDB CHARACTER SET = utf8mb4 COLLATE = utf8mb4_general_ci ROW_FORMAT = Compact;

-- ----------------------------
-- Records of tb_follow
-- ----------------------------

-- ----------------------------
-- Table structure for tb_seckill_voucher
-- ----------------------------
DROP TABLE IF EXISTS `tb_seckill_voucher`;
CREATE TABLE `tb_seckill_voucher`  (
  `voucher_id` bigint(20) UNSIGNED NOT NULL COMMENT 'е…іиҒ”зҡ„дјҳжғ еҲёзҡ„id',
  `stock` int(8) NOT NULL COMMENT 'еә“еӯҳ',
  `create_time` timestamp NOT NULL DEFAULT CURRENT_TIMESTAMP COMMENT 'еҲӣе»әж—¶й—ҙ',
  `begin_time` timestamp NULL DEFAULT NULL COMMENT 'з”ҹж•Ҳж—¶й—ҙ',
  `end_time` timestamp NULL DEFAULT NULL COMMENT 'еӨұж•Ҳж—¶й—ҙ',
  `update_time` timestamp NOT NULL DEFAULT CURRENT_TIMESTAMP ON UPDATE CURRENT_TIMESTAMP COMMENT 'жӣҙж–°ж—¶й—ҙ',
  PRIMARY KEY (`voucher_id`) USING BTREE
) ENGINE = InnoDB CHARACTER SET = utf8mb4 COLLATE = utf8mb4_general_ci COMMENT = 'з§’жқҖдјҳжғ еҲёиЎЁпјҢдёҺдјҳжғ еҲёжҳҜдёҖеҜ№дёҖе…ізі»' ROW_FORMAT = Compact;

-- ----------------------------
-- Records of tb_seckill_voucher
-- ----------------------------

-- ----------------------------
-- Table structure for tb_shop
-- ----------------------------
DROP TABLE IF EXISTS `tb_shop`;
CREATE TABLE `tb_shop`  (
  `id` bigint(20) UNSIGNED NOT NULL AUTO_INCREMENT COMMENT 'дё»й”®',
  `name` varchar(128) CHARACTER SET utf8mb4 COLLATE utf8mb4_general_ci NOT NULL COMMENT 'е•Ҷй“әеҗҚз§°',
  `type_id` bigint(20) UNSIGNED NOT NULL COMMENT 'е•Ҷй“әзұ»еһӢзҡ„id',
  `images` varchar(1024) CHARACTER SET utf8mb4 COLLATE utf8mb4_general_ci NOT NULL COMMENT 'е•Ҷй“әеӣҫзүҮпјҢеӨҡдёӘеӣҫзүҮд»Ҙ\',\'йҡ”ејҖ',
  `area` varchar(128) CHARACTER SET utf8mb4 COLLATE utf8mb4_general_ci NULL DEFAULT NULL COMMENT 'е•ҶеңҲпјҢдҫӢеҰӮйҷҶе®¶еҳҙ',
  `address` varchar(255) CHARACTER SET utf8mb4 COLLATE utf8mb4_general_ci NOT NULL COMMENT 'ең°еқҖ',
  `x` double UNSIGNED NOT NULL COMMENT 'з»ҸеәҰ',
  `y` double UNSIGNED NOT NULL COMMENT 'з»ҙеәҰ',
  `avg_price` bigint(10) UNSIGNED NULL DEFAULT NULL COMMENT 'еқҮд»·пјҢеҸ–ж•ҙж•°',
  `sold` int(10) UNSIGNED NOT NULL COMMENT 'й”ҖйҮҸ',
  `comments` int(10) UNSIGNED NOT NULL COMMENT 'иҜ„и®әж•°йҮҸ',
  `score` int(2) UNSIGNED NOT NULL COMMENT 'иҜ„еҲҶпјҢ1~5еҲҶпјҢд№ҳ10дҝқеӯҳпјҢйҒҝе…Қе°Ҹж•°',
  `open_hours` varchar(32) CHARACTER SET utf8mb4 COLLATE utf8mb4_general_ci NULL DEFAULT NULL COMMENT 'иҗҘдёҡж—¶й—ҙпјҢдҫӢеҰӮ 10:00-22:00',
  `create_time` timestamp NULL DEFAULT CURRENT_TIMESTAMP COMMENT 'еҲӣе»әж—¶й—ҙ',
  `update_time` timestamp NULL DEFAULT CURRENT_TIMESTAMP ON UPDATE CURRENT_TIMESTAMP COMMENT 'жӣҙж–°ж—¶й—ҙ',
  PRIMARY KEY (`id`) USING BTREE,
  INDEX `foreign_key_type`(`type_id`) USING BTREE
) ENGINE = InnoDB AUTO_INCREMENT = 15 CHARACTER SET = utf8mb4 COLLATE = utf8mb4_general_ci ROW_FORMAT = Compact;

-- ----------------------------
-- Records of tb_shop
-- ----------------------------
INSERT INTO `tb_shop` VALUES (1, '103иҢ¶йӨҗеҺ…', 1, 'https://qcloud.dpfile.com/pc/jiclIsCKmOI2arxKN1Uf0Hx3PucIJH8q0QSz-Z8llzcN56-_QiKuOvyio1OOxsRtFoXqu0G3iT2T27qat3WhLVEuLYk00OmSS1IdNpm8K8sG4JN9RIm2mTKcbLtc2o2vfCF2ubeXzk49OsGrXt_KYDCngOyCwZK-s3fqawWswzk.jpg,https://qcloud.dpfile.com/pc/IOf6VX3qaBgFXFVgp75w-KKJmWZjFc8GXDU8g9bQC6YGCpAmG00QbfT4vCCBj7njuzFvxlbkWx5uwqY2qcjixFEuLYk00OmSS1IdNpm8K8sG4JN9RIm2mTKcbLtc2o2vmIU_8ZGOT1OjpJmLxG6urQ.jpg', 'еӨ§е…і', 'йҮ‘еҚҺи·Ҝй”ҰжҳҢж–ҮеҚҺиӢ‘29еҸ·', 120.149192, 30.316078, 80, 4215, 3035, 37, '10:00-22:00', '2021-12-22 18:10:39', '2022-01-13 17:32:19');
INSERT INTO `tb_shop` VALUES (2, 'и”ЎйҰ¬жҙӘж¶ӣзғӨиӮүВ·иҖҒеҢ—дә¬й“ңй”…ж¶®зҫҠиӮү', 1, 'https://p0.meituan.net/bbia/c1870d570e73accbc9fee90b48faca41195272.jpg,http://p0.meituan.net/mogu/397e40c28fc87715b3d5435710a9f88d706914.jpg,https://qcloud.dpfile.com/pc/MZTdRDqCZdbPDUO0Hk6lZENRKzpKRF7kavrkEI99OxqBZTzPfIxa5E33gBfGouhFuzFvxlbkWx5uwqY2qcjixFEuLYk00OmSS1IdNpm8K8sG4JN9RIm2mTKcbLtc2o2vmIU_8ZGOT1OjpJmLxG6urQ.jpg', 'жӢұе®ёжЎҘ/дёҠеЎҳ', 'дёҠеЎҳи·Ҝ1035еҸ·пјҲдёӯеӣҪе·Ҙе•Ҷй“¶иЎҢж—Ғпјү', 120.151505, 30.333422, 85, 2160, 1460, 46, '11:30-03:00', '2021-12-22 19:00:13', '2022-01-11 16:12:26');
INSERT INTO `tb_shop` VALUES (3, 'ж–°зҷҪй№ҝйӨҗеҺ…(иҝҗжІідёҠиЎ—еә—)', 1, 'https://p0.meituan.net/biztone/694233_1619500156517.jpeg,https://img.meituan.net/msmerchant/876ca8983f7395556eda9ceb064e6bc51840883.png,https://img.meituan.net/msmerchant/86a76ed53c28eff709a36099aefe28b51554088.png', 'иҝҗжІідёҠиЎ—', 'еҸ°е·һи·Ҝ2еҸ·иҝҗжІідёҠиЎ—иҙӯзү©дёӯеҝғF5', 120.151954, 30.32497, 61, 12035, 8045, 47, '10:30-21:00', '2021-12-22 19:10:05', '2022-01-11 16:12:42');
INSERT INTO `tb_shop` VALUES (4, 'Mamala(жқӯе·һиҝңжҙӢд№җе ӨжёҜеә—)', 1, 'https://img.meituan.net/msmerchant/232f8fdf09050838bd33fb24e79f30f9606056.jpg,https://qcloud.dpfile.com/pc/rDe48Xe15nQOHCcEEkmKUp5wEKWbimt-HDeqYRWsYJseXNncvMiXbuED7x1tXqN4uzFvxlbkWx5uwqY2qcjixFEuLYk00OmSS1IdNpm8K8sG4JN9RIm2mTKcbLtc2o2vmIU_8ZGOT1OjpJmLxG6urQ.jpg', 'жӢұе®ёжЎҘ/дёҠеЎҳ', 'дёҪж°ҙи·Ҝ66еҸ·иҝңжҙӢд№җе ӨжёҜе•ҶеҹҺ2жңҹ1еұӮB115еҸ·', 120.146659, 30.312742, 290, 13519, 9529, 49, '11:00-22:00', '2021-12-22 19:17:15', '2022-01-11 16:12:51');
INSERT INTO `tb_shop` VALUES (5, 'жө·еә•жҚһзҒ«й”…(ж°ҙжҷ¶еҹҺиҙӯзү©дёӯеҝғеә—пјү', 1, 'https://img.meituan.net/msmerchant/054b5de0ba0b50c18a620cc37482129a45739.jpg,https://img.meituan.net/msmerchant/59b7eff9b60908d52bd4aea9ff356e6d145920.jpg,https://qcloud.dpfile.com/pc/Qe2PTEuvtJ5skpUXKKoW9OQ20qc7nIpHYEqJGBStJx0mpoyeBPQOJE4vOdYZwm9AuzFvxlbkWx5uwqY2qcjixFEuLYk00OmSS1IdNpm8K8sG4JN9RIm2mTKcbLtc2o2vmIU_8ZGOT1OjpJmLxG6urQ.jpg', 'еӨ§е…і', 'дёҠеЎҳи·Ҝ458еҸ·ж°ҙжҷ¶еҹҺиҙӯзү©дёӯеҝғF6', 120.15778, 30.310633, 104, 4125, 2764, 49, '10:00-07:00', '2021-12-22 19:20:58', '2022-01-11 16:13:01');
INSERT INTO `tb_shop` VALUES (6, 'е№ёзҰҸйҮҢиҖҒеҢ—дә¬ж¶®й”…пјҲдёқиҒ”еә—пјү', 1, 'https://img.meituan.net/msmerchant/e71a2d0d693b3033c15522c43e03f09198239.jpg,https://img.meituan.net/msmerchant/9f8a966d60ffba00daf35458522273ca658239.jpg,https://img.meituan.net/msmerchant/ef9ca5ef6c05d381946fe4a9aa7d9808554502.jpg', 'жӢұе®ёжЎҘ/дёҠеЎҳ', 'йҮ‘еҚҺеҚ—и·Ҝ189еҸ·дёқиҒ”166еҸ·', 120.148603, 30.318618, 130, 9531, 7324, 46, '11:00-13:50,17:00-20:50', '2021-12-22 19:24:53', '2022-01-11 16:13:09');
INSERT INTO `tb_shop` VALUES (7, 'зӮүйұј(жӢұеў…дёҮиҫҫе№ҝеңәеә—)', 1, 'https://img.meituan.net/msmerchant/909434939a49b36f340523232924402166854.jpg,https://img.meituan.net/msmerchant/32fd2425f12e27db0160e837461c10303700032.jpg,https://img.meituan.net/msmerchant/f7022258ccb8dabef62a0514d3129562871160.jpg', 'еҢ—йғЁж–°еҹҺ', 'жқӯиЎҢи·Ҝ666еҸ·дёҮиҫҫе•Ҷдёҡдёӯеҝғ4е№ў2еҚ•е…ғ409е®Ө(й“әдҪҚеҸ·4005)', 120.124691, 30.336819, 85, 2631, 1320, 47, '00:00-24:00', '2021-12-22 19:40:52', '2022-01-11 16:13:19');
INSERT INTO `tb_shop` VALUES (8, 'жө…иҚүеұӢеҜҝеҸёпјҲиҝҗжІідёҠиЎ—еә—пјү', 1, 'https://img.meituan.net/msmerchant/cf3dff697bf7f6e11f4b79c4e7d989e4591290.jpg,https://img.meituan.net/msmerchant/0b463f545355c8d8f021eb2987dcd0c8567811.jpg,https://img.meituan.net/msmerchant/c3c2516939efaf36c4ccc64b0e629fad587907.jpg', 'иҝҗжІідёҠиЎ—', 'жӢұеў…еҢәйҮ‘еҚҺи·Ҝ80еҸ·иҝҗжІідёҠиЎ—B1', 120.150526, 30.325231, 88, 2406, 1206, 46, ' 11:00-21:30', '2021-12-22 19:51:06', '2022-01-11 16:13:25');
INSERT INTO `tb_shop` VALUES (9, 'зҫҠиҖҒдёүзҫҠиқҺеӯҗзүӣд»”жҺ’еҢ—жҙҫзӮӯзҒ«й”…(иҝҗжІідёҠиЎ—еә—)', 1, 'https://p0.meituan.net/biztone/163160492_1624251899456.jpeg,https://img.meituan.net/msmerchant/e478eb16f7e31a7f8b29b5e3bab6de205500837.jpg,https://img.meituan.net/msmerchant/6173eb1d18b9d70ace7fdb3f2dd939662884857.jpg', 'иҝҗжІідёҠиЎ—', 'еҸ°е·һи·Ҝ2еҸ·иҝҗжІідёҠиЎ—иҙӯзү©дёӯеҝғF5', 120.150598, 30.325251, 101, 2763, 1363, 44, '11:00-21:30', '2021-12-22 19:53:59', '2022-01-11 16:13:34');
INSERT INTO `tb_shop` VALUES (10, 'ејҖд№җиҝӘKTVпјҲиҝҗжІідёҠиЎ—еә—пјү', 2, 'https://p0.meituan.net/dpmerchant/a575fd4adb0b9099c5c410058148b307-674435191.jpg,https://p0.meituan.net/merchantpic/68f11bf850e25e437c5f67decfd694ab2541634.jpg,https://p0.meituan.net/dpdeal/cb3a12225860ba2875e4ea26c6d14fcc197016.jpg', 'иҝҗжІідёҠиЎ—', 'еҸ°е·һи·Ҝ2еҸ·иҝҗжІідёҠиЎ—иҙӯзү©дёӯеҝғF4', 120.149093, 30.324666, 67, 26891, 902, 37, '00:00-24:00', '2021-12-22 20:25:16', '2021-12-22 20:25:16');
INSERT INTO `tb_shop` VALUES (11, 'INLOVE KTV(ж°ҙжҷ¶еҹҺеә—)', 2, 'https://p0.meituan.net/dpmerchantpic/53e74b200211d68988a4f02ae9912c6c1076826.jpg,https://qcloud.dpfile.com/pc/4iWtIvzLzwM2MGgyPu1PCDb4SWEaKqUeHm--YAt1EwR5tn8kypBcqNwHnjg96EvT_Gd2X_f-v9T8Yj4uLt25Gg.jpg,https://qcloud.dpfile.com/pc/WZsJWRI447x1VG2x48Ujgu7vwqksi_9WitdKI4j3jvIgX4MZOpGNaFtM93oSSizbGybIjx5eX6WNgCPvcASYAw.jpg', 'ж°ҙжҷ¶еҹҺ', 'дёҠеЎҳи·Ҝ458еҸ·ж°ҙжҷ¶еҹҺиҙӯзү©дёӯеҝғ6еұӮ', 120.15853, 30.310002, 75, 35977, 5684, 47, '11:30-06:00', '2021-12-22 20:29:02', '2021-12-22 20:39:00');
INSERT INTO `tb_shop` VALUES (12, 'йӯ…(жқӯе·һиҝңжҙӢд№җе ӨжёҜеә—)', 2, 'https://p0.meituan.net/dpmerchantpic/63833f6ba0393e2e8722420ef33f3d40466664.jpg,https://p0.meituan.net/dpmerchantpic/ae3c94cc92c529c4b1d7f68cebed33fa105810.png,', 'иҝңжҙӢд№җе ӨжёҜ', 'дёҪж°ҙи·Ҝ58еҸ·иҝңжҙӢд№җе ӨжёҜF4', 120.14983, 30.31211, 88, 6444, 235, 46, '10:00-02:00', '2021-12-22 20:34:34', '2021-12-22 20:34:34');
INSERT INTO `tb_shop` VALUES (13, 'и®ҙKжӢүйҮҸиҙ©KTV(еҢ—еҹҺеӨ©ең°еә—)', 2, 'https://p1.meituan.net/merchantpic/598c83a8c0d06fe79ca01056e214d345875600.jpg,https://qcloud.dpfile.com/pc/HhvI0YyocYHRfGwJWqPQr34hRGRl4cWdvlNwn3dqghvi4WXlM2FY1te0-7pE3Wb9_Gd2X_f-v9T8Yj4uLt25Gg.jpg,https://qcloud.dpfile.com/pc/F5ZVzZaXFE27kvQzPnaL4V8O9QCpVw2nkzGrxZE8BqXgkfyTpNExfNG5CEPQX4pjGybIjx5eX6WNgCPvcASYAw.jpg', 'D32еӨ©йҳіиҙӯзү©дёӯеҝғ', 'ж№–е·һиЎ—567еҸ·еҢ—еҹҺеӨ©ең°5еұӮ', 120.130453, 30.327655, 58, 18997, 1857, 41, '12:00-02:00', '2021-12-22 20:38:54', '2021-12-22 20:40:04');
INSERT INTO `tb_shop` VALUES (14, 'жҳҹиҒҡдјҡKTV(жӢұеў…еҢәдёҮиҫҫеә—)', 2, 'https://p0.meituan.net/dpmerchantpic/f4cd6d8d4eb1959c3ea826aa05a552c01840451.jpg,https://p0.meituan.net/dpmerchantpic/2efc07aed856a8ab0fc75c86f4b9b0061655777.jpg,https://qcloud.dpfile.com/pc/zWfzzIorCohKT0bFwsfAlHuayWjI6DBEMPHHncmz36EEMU9f48PuD9VxLLDAjdoU_Gd2X_f-v9T8Yj4uLt25Gg.jpg', 'еҢ—йғЁж–°еҹҺ', 'жқӯиЎҢи·Ҝ666еҸ·дёҮиҫҫе№ҝеңәCеә§1-2F', 120.128958, 30.337252, 60, 17771, 685, 47, '10:00-22:00', '2021-12-22 20:48:54', '2021-12-22 20:48:54');

-- ----------------------------
-- Table structure for tb_shop_type
-- ----------------------------
DROP TABLE IF EXISTS `tb_shop_type`;
CREATE TABLE `tb_shop_type`  (
  `id` bigint(20) UNSIGNED NOT NULL AUTO_INCREMENT COMMENT 'дё»й”®',
  `name` varchar(32) CHARACTER SET utf8mb4 COLLATE utf8mb4_general_ci NULL DEFAULT NULL COMMENT 'зұ»еһӢеҗҚз§°',
  `icon` varchar(255) CHARACTER SET utf8mb4 COLLATE utf8mb4_general_ci NULL DEFAULT NULL COMMENT 'еӣҫж Ү',
  `sort` int(3) UNSIGNED NULL DEFAULT NULL COMMENT 'йЎәеәҸ',
  `create_time` timestamp NULL DEFAULT CURRENT_TIMESTAMP COMMENT 'еҲӣе»әж—¶й—ҙ',
  `update_time` timestamp NULL DEFAULT CURRENT_TIMESTAMP ON UPDATE CURRENT_TIMESTAMP COMMENT 'жӣҙж–°ж—¶й—ҙ',
  PRIMARY KEY (`id`) USING BTREE
) ENGINE = InnoDB AUTO_INCREMENT = 11 CHARACTER SET = utf8mb4 COLLATE = utf8mb4_general_ci ROW_FORMAT = Compact;

-- ----------------------------
-- Records of tb_shop_type
-- ----------------------------
INSERT INTO `tb_shop_type` VALUES (1, 'зҫҺйЈҹ', '/types/ms.png', 1, '2021-12-22 20:17:47', '2021-12-23 11:24:31');
INSERT INTO `tb_shop_type` VALUES (2, 'KTV', '/types/KTV.png', 2, '2021-12-22 20:18:27', '2021-12-23 11:24:31');
INSERT INTO `tb_shop_type` VALUES (3, 'дёҪдәәВ·зҫҺеҸ‘', '/types/lrmf.png', 3, '2021-12-22 20:18:48', '2021-12-23 11:24:31');
INSERT INTO `tb_shop_type` VALUES (4, 'еҒҘиә«иҝҗеҠЁ', '/types/jsyd.png', 10, '2021-12-22 20:19:04', '2021-12-23 11:24:31');
INSERT INTO `tb_shop_type` VALUES (5, 'жҢүж‘©В·и¶із–—', '/types/amzl.png', 5, '2021-12-22 20:19:27', '2021-12-23 11:24:31');
INSERT INTO `tb_shop_type` VALUES (6, 'зҫҺе®№SPA', '/types/spa.png', 6, '2021-12-22 20:19:35', '2021-12-23 11:24:31');
INSERT INTO `tb_shop_type` VALUES (7, 'дәІеӯҗжёёд№җ', '/types/qzyl.png', 7, '2021-12-22 20:19:53', '2021-12-23 11:24:31');
INSERT INTO `tb_shop_type` VALUES (8, 'й…’еҗ§', '/types/jiuba.png', 8, '2021-12-22 20:20:02', '2021-12-23 11:24:31');
INSERT INTO `tb_shop_type` VALUES (9, 'иҪ°и¶ҙйҰҶ', '/types/hpg.png', 9, '2021-12-22 20:20:08', '2021-12-23 11:24:31');
INSERT INTO `tb_shop_type` VALUES (10, 'зҫҺзқ«В·зҫҺз”І', '/types/mjmj.png', 4, '2021-12-22 20:21:46', '2021-12-23 11:24:31');

-- ----------------------------
-- Table structure for tb_user
-- ----------------------------
DROP TABLE IF EXISTS `tb_user`;
CREATE TABLE `tb_user`  (
  `id` bigint(20) UNSIGNED NOT NULL AUTO_INCREMENT COMMENT 'дё»й”®',
  `phone` varchar(11) CHARACTER SET utf8mb4 COLLATE utf8mb4_general_ci NOT NULL COMMENT 'жүӢжңәеҸ·з Ғ',
  `password` varchar(128) CHARACTER SET utf8mb4 COLLATE utf8mb4_general_ci NULL DEFAULT '' COMMENT 'еҜҶз ҒпјҢеҠ еҜҶеӯҳеӮЁ',
  `nick_name` varchar(32) CHARACTER SET utf8mb4 COLLATE utf8mb4_general_ci NULL DEFAULT '' COMMENT 'жҳөз§°пјҢй»ҳи®ӨжҳҜз”ЁжҲ·id',
  `icon` varchar(255) CHARACTER SET utf8mb4 COLLATE utf8mb4_general_ci NULL DEFAULT '' COMMENT 'дәәзү©еӨҙеғҸ',
  `create_time` timestamp NOT NULL DEFAULT CURRENT_TIMESTAMP COMMENT 'еҲӣе»әж—¶й—ҙ',
  `update_time` timestamp NOT NULL DEFAULT CURRENT_TIMESTAMP ON UPDATE CURRENT_TIMESTAMP COMMENT 'жӣҙж–°ж—¶й—ҙ',
  PRIMARY KEY (`id`) USING BTREE,
  UNIQUE INDEX `uniqe_key_phone`(`phone`) USING BTREE
) ENGINE = InnoDB AUTO_INCREMENT = 1010 CHARACTER SET = utf8mb4 COLLATE = utf8mb4_general_ci ROW_FORMAT = Compact;

-- ----------------------------
-- Records of tb_user
-- ----------------------------
INSERT INTO `tb_user` VALUES (1, '13686869696', '', 'е°ҸйұјеҗҢеӯҰ', '/imgs/blogs/blog1.jpg', '2021-12-24 10:27:19', '2022-01-11 16:04:00');
INSERT INTO `tb_user` VALUES (2, '13838411438', '', 'еҸҜеҸҜд»ҠеӨ©дёҚеҗғиӮү', '/imgs/icons/kkjtbcr.jpg', '2021-12-24 15:14:39', '2021-12-28 19:58:04');
INSERT INTO `tb_user` VALUES (4, '13456789011', '', 'user_slxaxy2au9f3tanffaxr', '', '2022-01-07 12:07:53', '2022-01-07 12:07:53');
INSERT INTO `tb_user` VALUES (5, '13456789001', '', 'user_n0bb8mwwg4', '', '2022-01-07 16:11:33', '2022-01-07 16:11:33');

-- ----------------------------
-- Table structure for tb_user_info
-- ----------------------------
DROP TABLE IF EXISTS `tb_user_info`;
CREATE TABLE `tb_user_info`  (
  `user_id` bigint(20) UNSIGNED NOT NULL COMMENT 'дё»й”®пјҢз”ЁжҲ·id',
  `city` varchar(64) CHARACTER SET utf8mb4 COLLATE utf8mb4_general_ci NULL DEFAULT '' COMMENT 'еҹҺеёӮеҗҚз§°',
  `introduce` varchar(128) CHARACTER SET utf8mb4 COLLATE utf8mb4_general_ci NULL DEFAULT NULL COMMENT 'дёӘдәәд»Ӣз»ҚпјҢдёҚиҰҒи¶…иҝҮ128дёӘеӯ—з¬Ұ',
  `fans` int(8) UNSIGNED NULL DEFAULT 0 COMMENT 'зІүдёқж•°йҮҸ',
  `followee` int(8) UNSIGNED NULL DEFAULT 0 COMMENT 'е…іжіЁзҡ„дәәзҡ„ж•°йҮҸ',
  `gender` tinyint(1) UNSIGNED NULL DEFAULT 0 COMMENT 'жҖ§еҲ«пјҢ0пјҡз”·пјҢ1пјҡеҘі',
  `birthday` date NULL DEFAULT NULL COMMENT 'з”ҹж—Ҙ',
  `credits` int(8) UNSIGNED NULL DEFAULT 0 COMMENT 'з§ҜеҲҶ',
  `level` tinyint(1) UNSIGNED NULL DEFAULT 0 COMMENT 'дјҡе‘ҳзә§еҲ«пјҢ0~9зә§,0д»ЈиЎЁжңӘејҖйҖҡдјҡе‘ҳ',
  `create_time` timestamp NOT NULL DEFAULT CURRENT_TIMESTAMP COMMENT 'еҲӣе»әж—¶й—ҙ',
  `update_time` timestamp NOT NULL DEFAULT CURRENT_TIMESTAMP ON UPDATE CURRENT_TIMESTAMP COMMENT 'жӣҙж–°ж—¶й—ҙ',
  PRIMARY KEY (`user_id`) USING BTREE
) ENGINE = InnoDB CHARACTER SET = utf8mb4 COLLATE = utf8mb4_general_ci ROW_FORMAT = Compact;

-- ----------------------------
-- Records of tb_user_info
-- ----------------------------

-- ----------------------------
-- Table structure for tb_voucher
-- ----------------------------
DROP TABLE IF EXISTS `tb_voucher`;
CREATE TABLE `tb_voucher`  (
  `id` bigint(20) UNSIGNED NOT NULL AUTO_INCREMENT COMMENT 'дё»й”®',
  `shop_id` bigint(20) UNSIGNED NULL DEFAULT NULL COMMENT 'е•Ҷй“әid',
  `title` varchar(255) CHARACTER SET utf8mb4 COLLATE utf8mb4_general_ci NOT NULL COMMENT 'д»ЈйҮ‘еҲёж Үйўҳ',
  `sub_title` varchar(255) CHARACTER SET utf8mb4 COLLATE utf8mb4_general_ci NULL DEFAULT NULL COMMENT 'еүҜж Үйўҳ',
  `rules` varchar(1024) CHARACTER SET utf8mb4 COLLATE utf8mb4_general_ci NULL DEFAULT NULL COMMENT 'дҪҝз”Ёи§„еҲҷ',
  `pay_value` bigint(10) UNSIGNED NOT NULL COMMENT 'ж”Ҝд»ҳйҮ‘йўқпјҢеҚ•дҪҚжҳҜеҲҶгҖӮдҫӢеҰӮ200д»ЈиЎЁ2е…ғ',
  `actual_value` bigint(10) NOT NULL COMMENT 'жҠөжүЈйҮ‘йўқпјҢеҚ•дҪҚжҳҜеҲҶгҖӮдҫӢеҰӮ200д»ЈиЎЁ2е…ғ',
  `type` tinyint(1) UNSIGNED NOT NULL DEFAULT 0 COMMENT '0,жҷ®йҖҡеҲёпјӣ1,з§’жқҖеҲё',
  `status` tinyint(1) UNSIGNED NOT NULL DEFAULT 1 COMMENT '1,дёҠжһ¶; 2,дёӢжһ¶; 3,иҝҮжңҹ',
  `create_time` timestamp NOT NULL DEFAULT CURRENT_TIMESTAMP COMMENT 'еҲӣе»әж—¶й—ҙ',
  `update_time` timestamp NOT NULL DEFAULT CURRENT_TIMESTAMP ON UPDATE CURRENT_TIMESTAMP COMMENT 'жӣҙж–°ж—¶й—ҙ',
  PRIMARY KEY (`id`) USING BTREE
) ENGINE = InnoDB AUTO_INCREMENT = 10 CHARACTER SET = utf8mb4 COLLATE = utf8mb4_general_ci ROW_FORMAT = Compact;

-- ----------------------------
-- Records of tb_voucher
-- ----------------------------
INSERT INTO `tb_voucher` VALUES (1, 1, '50е…ғд»ЈйҮ‘еҲё', 'е‘ЁдёҖиҮіе‘Ёж—ҘеқҮеҸҜдҪҝз”Ё', 'е…ЁеңәйҖҡз”Ё\\nж— йңҖйў„зәҰ\\nеҸҜж— йҷҗеҸ еҠ \\дёҚе…‘зҺ°гҖҒдёҚжүҫйӣ¶\\nд»…йҷҗе ӮйЈҹ', 4750, 5000, 0, 1, '2022-01-04 09:42:39', '2022-01-04 09:43:31');

-- ----------------------------
-- Table structure for tb_voucher_order
-- ----------------------------
DROP TABLE IF EXISTS `tb_voucher_order`;
CREATE TABLE `tb_voucher_order`  (
  `id` bigint(20) NOT NULL COMMENT 'дё»й”®',
  `user_id` bigint(20) UNSIGNED NOT NULL COMMENT 'дёӢеҚ•зҡ„з”ЁжҲ·id',
  `voucher_id` bigint(20) UNSIGNED NOT NULL COMMENT 'иҙӯд№°зҡ„д»ЈйҮ‘еҲёid',
  `pay_type` tinyint(1) UNSIGNED NOT NULL DEFAULT 1 COMMENT 'ж”Ҝд»ҳж–№ејҸ 1пјҡдҪҷйўқж”Ҝд»ҳпјӣ2пјҡж”Ҝд»ҳе®қпјӣ3пјҡеҫ®дҝЎ',
  `status` tinyint(1) UNSIGNED NOT NULL DEFAULT 1 COMMENT 'и®ўеҚ•зҠ¶жҖҒпјҢ1пјҡжңӘж”Ҝд»ҳпјӣ2пјҡе·Іж”Ҝд»ҳпјӣ3пјҡе·Іж ёй”Җпјӣ4пјҡе·ІеҸ–ж¶Ҳпјӣ5пјҡйҖҖж¬ҫдёӯпјӣ6пјҡе·ІйҖҖж¬ҫ',
  `create_time` timestamp NOT NULL DEFAULT CURRENT_TIMESTAMP COMMENT 'дёӢеҚ•ж—¶й—ҙ',
  `pay_time` timestamp NULL DEFAULT NULL COMMENT 'ж”Ҝд»ҳж—¶й—ҙ',
  `use_time` timestamp NULL DEFAULT NULL COMMENT 'ж ёй”Җж—¶й—ҙ',
  `refund_time` timestamp NULL DEFAULT NULL COMMENT 'йҖҖж¬ҫж—¶й—ҙ',
  `update_time` timestamp NOT NULL DEFAULT CURRENT_TIMESTAMP ON UPDATE CURRENT_TIMESTAMP COMMENT 'жӣҙж–°ж—¶й—ҙ',
  PRIMARY KEY (`id`) USING BTREE
) ENGINE = InnoDB CHARACTER SET = utf8mb4 COLLATE = utf8mb4_general_ci ROW_FORMAT = Compact;

-- ----------------------------
-- Records of tb_voucher_order
-- ----------------------------

SET FOREIGN_KEY_CHECKS = 1;